S.N,Item (English),الصنف (Arabic),Unit,Price,Google Drive Link,Category,Stock
1,Apple Gala 1000 G,تفاح سكري,Kg,7,https://drive.google.com/uc?export=view&id=14raaz2yPcxGv4PLTCxyA2SqNDXJikXoi,fruits,100
2,Apple Green 1000 G,تفاح اخضر,Kg,7,https://drive.google.com/uc?export=view&id=1x_4VWYYveuiwJtVdfNLReIithJO2JzGI,fruits,85
3,Apple Red 1000 G,تفاح احمر,Kg,7.5,https://drive.google.com/uc?export=view&id=1s3WUV0dJ_3GYKa7_XV7BeTKfzl1iq__b,fruits,90
4,Apple Yellow 1000 G,تفاح اصفر,Kg,7,https://drive.google.com/uc?export=view&id=1JTO_fu2XlCN3-wFNV3OuN-SOPDgnGKUK,fruits,75
5,Apricot 1000 G,مشمش,Kg,16,https://drive.google.com/uc?export=view&id=1nGeZ4RDnJ-P-n30KM3JUgZFEy2hbHXE3,fruits,60
6,Arabic leeks (Kurath),كراث,pc,1.5,https://drive.google.com/uc?export=view&id=1bYMbxIhe8e1kSLSR24DCxhF9YCCBk5UX,vegetables,200
7,Banana 1000 G,موز,Kg,6.5,https://drive.google.com/uc?export=view&id=1C4X6hYllVzFnei9q-pGR5ET3GzCmN8hc,fruits,120
8,Beans Green Fresh 1000 G,فاصوليا خضراء,Kg,8,https://drive.google.com/uc?export=view&id=1hOScKwXU6b7Z7xPVst4u3oBCHfTRbRGc,vegetables,80
9,Beet Root Local 1000 G,بنجر,Kg,5,https://drive.google.com/uc?export=view&id=1t5GnOEdjJX6RB4E2gxUoTQ8ceEix_LLt,vegetables,70
10,Bell Pepper Green 1000 G LOCAL,رومي اخضر,Kg,6,https://drive.google.com/uc?export=view&id=1cw_hNecLBH1l-QqW26K18rR77Amz7hd3,vegetables,95
11,Bell Pepper Red 1000 G LOCAL,رومي احمر,Kg,8,https://drive.google.com/uc?export=view&id=1g_Ymd4KHPMyhlgtJzUCVoxaCw8Qgk29_,vegetables,85
12,Bell pepper Yellow 1000 G LOCAL,رومي اصفر,Kg,8,https://drive.google.com/uc?export=view&id=1HWgl4vQ7-yyD13LJH9Leyi7ZmOmZo8fb,vegetables,80
13,Bitter Gourd (karela) 1000 G,كرلا,Kg,6.5,https://drive.google.com/uc?export=view&id=1NAapL0Lss9vg4VqST9-BbdmHZDZ3QChT,vegetables,50
14,Broccoli Local 1000 G,بركلي,Kg,16,https://drive.google.com/uc?export=view&id=1H1hPMaQrc4fHZJpypn8k3W8r1x4RPoOg,vegetables,65
15,Cabbage Red Local 1000 G,ملفوف احمر,Kg,4.5,https://drive.google.com/uc?export=view&id=1GmaS_f37r1vSWu_rrhSi71YWPH5I41Gr,vegetables,110
16,Cabbage White Local 1000 G,ملفوف ابيض,Kg,3.5,https://drive.google.com/uc?export=view&id=1yZGiLqEPln5Lk_nO5uuyLMdiegf0wZ8S,vegetables,130
17,Cactus Pears Seasonal Fruit KSA 1000 G,تين شوكي,Kg,13,https://drive.google.com/uc?export=view&id=1dt0lqZGWz7JdY5dYlR1tLaXA3VQADP61,fruits,40
18,Carrot 1000 G,جزر محلي,Kg,4.5,https://drive.google.com/uc?export=view&id=1qKdTHTwWcqymmJfubyR5iD2ZCXQATDdk,vegetables,150
19,Califlower 1000 G,زهرة,Kg,7,https://drive.google.com/uc?export=view&id=1-LRmks22xtvxe0-g8WMk17KJeGBLsYRV,vegetables,90
20,Celery Green Local 1000 G,كرفس محلي,Kg,18,https://drive.google.com/uc?export=view&id=18t3pyZ33bNvPuKs65FV3kow14PIzVrg-,vegetables,55
21,Chilli Green Local 1000 G,فلفل حار اخضر,Kg,9,https://drive.google.com/uc?export=view&id=1qz9eE3COufpOQ5HjRVpP82RSuv8LmPF4,vegetables,75
22,Chilli Red Hot Local 1000 G,فلفل حار احمر,Kg,8,https://drive.google.com/uc?export=view&id=1D_QtXdvpAHh0VtWCGs69Jvk8TSd-ltIh,vegetables,70
23,Coconut Brown Husked Fresh 1000 G,جوز الهند,pc,8,https://drive.google.com/uc?export=view&id=1qjJ9mY4Cv2xWKR1cAqX5TajU4TWe-eH-,fruits,45
24,Coriander Leaves 1000 G,كزبرة,PC,1.5,https://drive.google.com/uc?export=view&id=1fjr3r9Lr6ypvGFer_a_od4L1uUJXCp8c,herbs,180
25,Cucumber 1000 G,خيار,Kg,4.5,https://drive.google.com/uc?export=view&id=1JhtJga2yvkgH6E3GfMBVgwJMnyaCA0Aw,vegetables,160
26,Curry Leaves Imported 1000 G,أوراق الكاري,Kg,20,https://drive.google.com/uc?export=view&id=1TzrKRmpeSHL2ZMZozNaqdPC3P4spN3Qj,herbs,35
27,Custard Apples Fresh 1000 G,قشطة,Kg,11,https://drive.google.com/uc?export=view&id=1FeNZd6hnZEfGUg_sCMQ-XPtwnVqj0ykB,fruits,40
28,Dill Local 1000 G,شبت,pc,1.5,https://drive.google.com/uc?export=view&id=1hk_5XtN4qGlLlT6KdyEH67WIc_wcsMS6,herbs,170
29,Drumstick Bengali Vegtable 1000 G,درام ستك,Kg,12,https://drive.google.com/uc?export=view&id=1LnExAbab0tIGy8Yg22Mdw-OdIzo8F8VY,vegetables,60
30,Eggplant Big/Baby Local 1000 G,باذنجان اسود مدور وسط/صغير,Kg,3.5,https://drive.google.com/uc?export=view&id=1fSgEKHdJaYF5IrQ2tHGel3Ttxujzj0W5,vegetables,140
31,Eggplant Long Local Fresh 1000 G,باذنجان طويل,Kg,5,https://drive.google.com/uc?export=view&id=19n6xPGE2IA4576T60trPro2mHCxD_XNf,vegetables,110
32,Eggplant White Local Fresh 1000 G,باذنجان ابيض,Kg,4,https://drive.google.com/uc?export=view&id=1Mu48BBY8ktaFOd07_zhY32lKR_f3Zpw,vegetables,95
33,Figs Local 1000 G,تين محلي,Kg,23,https://drive.google.com/uc?export=view&id=1Y08cy9YH20Zt3GKqcBuuDKbHiHV3cVS_,fruits,50
34,Garlic Peeled 1000 G,ثوم مقشر,Kg,14,https://drive.google.com/uc?export=view&id=12L4Qtfab22_9pddCxO5wiVk2lGrVW-Lp,vegetables,85
35,Garlic 1000 G,ثوم,Kg,10,https://drive.google.com/uc?export=view&id=1U6fsvi67YgD-hioEQW-KIwNQRnHwi101,vegetables,120
36,Ginger 1000 G,زنجبيل,Kg,9,https://drive.google.com/uc?export=view&id=1p6KcNDSYbfaS1Sc6H9OgwEzHimixjk1H,vegetables,95
37,Grape Fruit 1000 G,جريب فروت,Kg,6.5,https://drive.google.com/uc?export=view&id=1jg0W0AT8ym_DqP4Zo0NHLleYwhYHc_H4,fruits,80
38,Grapes - Black Local 1000 G,عنب اسود,Kg,13,https://drive.google.com/uc?export=view&id=1m8Ct2JMueZiw9j1hUooHfawox7xfIfS4,fruits,70
39,Grapes - Green Local 1000 G,عنب اخضر,Kg,13,https://drive.google.com/uc?export=view&id=1MRLb3gL9u3GYfvN8HyisIr3z-mPhafwV,fruits,75
40,Grapes - Red Local 1000 G,عنب احمر,Kg,13,https://drive.google.com/uc?export=view&id=1yZN_MuTkm923oIfqJJBGHJNdfuVTR8lb,fruits,65
41,Grapes - White 1000 G,عنب ابيض,Kg,13,https://drive.google.com/uc?export=view&id=1KCnKtWKgMYbfOvCHxrXdmEYC596omYvp,fruits,60
42,Guava 1000 G,جوافة,Kg,9,https://drive.google.com/uc?export=view&id=1TTr15bS8-sXbSdKbH0nsdW35z56K8R3R,fruits,55
43,Jarjir 1000 G,جرجير,pc,1.5,https://drive.google.com/uc?export=view&id=1R9j01inq7s3h741O18wGQS2uuSv2m4eA,herbs,190
44,Kaka 1000 G,كاكا,Kg,18,https://drive.google.com/uc?export=view&id=1eUM9auPELVzueEEq2Q9BvKBofulI5bLG,fruits,45
45,Kiwi 1000 G,كيوي,Kg,12,https://drive.google.com/uc?export=view&id=1QhH-IUdqWuh_HKjMkmnj6aAdedQWVA9p,fruits,70
46,Ladyfinger Asian Vegetable 1000 G,بامية حجم الحبة صغير,Kg,12,https://drive.google.com/uc?export=view&id=1uqaB1W2g_UmRs-A0DPAiArQMlz19e7ip,vegetables,85
47,Leeks Local 1000 G,ليك محلي,Kg,12,https://drive.google.com/uc?export=view&id=1StFl7-uiJo8tqJPxPwdDZ1jj7bWCvo_P,vegetables,65
48,Lemon big Local 1000 G,ليمون,Kg,9,https://drive.google.com/uc?export=view&id=1YxV_nDD5aF7p-6RoxaHKskOgDLb-tf0o,fruits,110
49,Lemon Small 1000 G,ليمون صغير,pc,4,https://drive.google.com/uc?export=view&id=1pgMkqnLYzwlGmTa0zmKPUK5mfyeVYQYL,fruits,150
50,Lettuce - Iceberg Imported Spain 1000 G,خس مدور مستورد اسباني,Kg,17,https://drive.google.com/uc?export=view&id=1U6v8Sskgm4zacRwh3eeh7yMsnWgXFMWV,vegetables,75
51,Lettuce - Iceberg Local 1000 G,خس مدور,Kg,9,https://drive.google.com/uc?export=view&id=1-epBe5ll3GgvZJXr-Hyg_kFiA6mkPoMg,vegetables,100
52,Lettuce - Romain Local Fresh 1000 G,خس طويل,Kg,7,https://drive.google.com/uc?export=view&id=1UFeMZV90TR0L3qk6daEb1Y6tn7jUpyyq,vegetables,90
53,Lime Fresh Imported 1000 G Vietnam,ليم اخضر,Kg,10,https://drive.google.com/uc?export=view&id=1x7aQxFLoEEX7tJyhaRWN4DoXyF19_3Ec,fruits,85
54,Mandarin 1000 G,افندي,Kg,9,https://drive.google.com/uc?export=view&id=1mmlL5LqKnLi56I1glw15wH619eN54Gc,fruits,95
55,Mango 1000 G,مانجو تيمور,Kg,18,https://drive.google.com/uc?export=view&id=1dvg4dVcK-ic7Ite3y9oy0nOHU18N26a5,fruits,60
56,Marrow / Courgette / Zucchini Local 1000 G,كوسة,Kg,6,https://drive.google.com/uc?export=view&id=1WTPmEiSvnHG0RMBNf8nvvoQPPvlUInu4,vegetables,120
57,Melon Sweet 1000 G,شمام,Kg,3.5,https://drive.google.com/uc?export=view&id=1pbZTRRiDU-cK25z0Eozh8qrB4nm83S7C,fruits,80
58,Mint 1000 G,نعناع,pc,1.5,https://drive.google.com/uc?export=view&id=1QwEenpFIAm8AuREzqFXbfNeHhNZGIMC8,herbs,200
59,Mulokhia 1000 G,ملوخية,Kg,6,https://drive.google.com/uc?export=view&id=1zmu3BaIN2Txf3Jm9eUKp1vvGtrln9kfh,vegetables,70
60,Nectarine 1000 G LOCAL,نكتارين,Kg,16,https://drive.google.com/uc?export=view&id=1XRHzpjwCBZ0PDC2mLf7aIzo1XuFAD7-m,fruits,55
61,Okra 1000 G,بامية,Kg,15,https://drive.google.com/uc?export=view&id=1UDFzcEUB2rFbXa6bXMjR-Mip7Jr1ztrR,vegetables,65
62,Onion Red 1000 G,بصل احمر,Kg,3.5,https://drive.google.com/uc?export=view&id=11MB2mjVjGgViYDbyGFvR5089nSASEPqs,vegetables,180
63,Onion Spring 1000 G,بصل اخضر,Kg,4.5,https://drive.google.com/uc?export=view&id=1bNJGWzpSVn3vi33b8IF7-tKPB1rX_1tT,vegetables,140
64,Onion White 1000 G,بصل ابيض,Kg,4,https://drive.google.com/uc?export=view&id=1Ws82hzOGSWv5J2DstQnEe91m3URP-rKF,vegetables,160
65,Orange For Juice Fresh 1000 G,برتقال عصير,Kg,5,https://drive.google.com/uc?export=view&id=1d9P8ZspAFZGGHBOqzbFMuEeoPJ23CYDI,fruits,130
66,Orange Navel 1000 G,برتقال ابوصورة,Kg,7,https://drive.google.com/uc?export=view&id=1FuPxF23o2TGy8jJOQmehoSiMMBLC7axK,fruits,110
67,Papaya 1000 G,بابايا,Kg,8,https://drive.google.com/uc?export=view&id=1W0G6CDg6p7Io8J1SoyyHPRygjzSkyvgy,fruits,50
68,Parsley - Local 1000 G,بقدونس,pc,1.5,https://drive.google.com/uc?export=view&id=1CjB7QJqY0XhCeUsNWyLZilIWULZmR46a,herbs,210
69,Peach 1000 G,خوخ,Kg,13,https://drive.google.com/uc?export=view&id=1n-FpDTvyy8FvqKyMhKw__ZAuy047F0Lj,fruits,60
70,Pears Imported Fresh 1000 G,كمثرى,Kg,12,https://drive.google.com/uc?export=view&id=1t4QlgPCc2lAKksrWTIBEKdtg6R3Uhg3E,fruits,65
71,Pineapple - Baby 1000 G,اناناس بيبي,Kg,25,https://drive.google.com/uc?export=view&id=1U0K1fJf-54EveBzbS03wZoHmvOAP-taB,fruits,40
72,Pineapple - Large 1000 G,اناناس,Kg,10,https://drive.google.com/uc?export=view&id=1WlTCFFbtHUKdtlFSuy7baJfoFWApF8w3,fruits,50
73,Plums Black 1000 G,بخارة اسود,Kg,13,https://drive.google.com/uc?export=view&id=1YU7Y8ARUoZ_8GwUrbHBBa47cqgz1HZbo,fruits,45
74,Plums Red 1000 G,بخارة احمر,Kg,13,https://drive.google.com/uc?export=view&id=1ur85ixAOPwTmEGr5_bq5KGJEx_9XRFvt,fruits,50
75,Pomegranate 1000 G,رمان,Kg,13,https://drive.google.com/uc?export=view&id=1PreacAGBSHSIqRqwr_dyqyCWTjDGEP31,fruits,55
76,Potato Sweet 1000 G,بطاطا حلوة,Kg,4,https://drive.google.com/uc?export=view&id=1n_Wghsdl4wk237X9CtauH2lwZ2GKVV8D,vegetables,70
77,Potato 1000 G,بطاطس,Kg,3.5,https://drive.google.com/uc?export=view&id=1QYFqP7T0H6x3-JB8VncPxUPg0TWPQczL,vegetables,180
78,Pumpkin Green Long (Dubbah) 1000 G,قرع اخضر (دبة),Kg,5.5,https://drive.google.com/uc?export=view&id=1U9OwmB2ifAKEKWTZ_c90sKiUAXbzDseN,vegetables,75
79,Pumpkin 1000 G,قرع اصفر (عسلي),Kg,5.5,https://drive.google.com/uc?export=view&id=1vladnnXtMon8igxLBIxpsaUXAIz6yrNW,vegetables,80
80,Purslane Green (Rijla) 1000 G,رجلة,pc,1.5,https://drive.google.com/uc?export=view&id=1r72L0hZLktqPXMQcEeB9X1FBXsJxIJiu,herbs,140
81,Radish Red 1000 G,فجل احمر,pc,1.5,https://drive.google.com/uc?export=view&id=1Fw9seQJTs1alziR4JFBMim3ICjFNVNWI,vegetables,145
82,Radish White 1000 G,فجل ابيض,pc,1.5,https://drive.google.com/uc?export=view&id=1n0BFoTWzoZ3wD6w5Hgmn9YAuKZKNqGU9,vegetables,150
83,Spinach Local 1000 G,سبانخ,pc,1.5,https://drive.google.com/uc?export=view&id=1YyOOkTC3yZjW7CWJXy9M6WVhIq6VEgI8,vegetables,125
84,Strawberry Fresh 1000 G,فراولة مصري,Kg,20,https://drive.google.com/uc?export=view&id=1LKR78n2i8NdioZ1xGkoiOypzDFcREN2M,fruits,45
85,Taro Root (Gulgas) 1000 G,قلقاس,Kg,12,https://drive.google.com/uc?export=view&id=1-6uyGQ1qNuuS4hrIzrOuI-hRM-8POyhG,vegetables,60
86,Tomato Cherry Red Local 1000 G,طماطم شيري احمر,Kg,25,https://drive.google.com/uc?export=view&id=16sJGKHB2z2tFZPYw7BSLoa4XOMgY41v-,vegetables,55
87,Tomato Red 1000 G,طماطم مدور,Kg,5,https://drive.google.com/uc?export=view&id=1MlXdxBjSj_H2FKzueCL65yfAxaBAm8Sn,vegetables,190
88,Turnip Fresh 1000 G,لفت,Kg,3.5,https://drive.google.com/uc?export=view&id=17_Ji2otpxPLWkmt5BBOpYgKwwh3D4Uyi,vegetables,110
89,Watermelon Long Local 1000 G,بطيخ طويل,Kg,3.5,https://drive.google.com/uc?export=view&id=1lx7gktVg5LOmR5d0JYd3OOqacWL-Fr9r,fruits,75
90,Watermelon Round Local 1000 G,بطيخ مدور,Kg,3.5,https://drive.google.com/uc?export=view&id=1dxf_OVjL8p6v7uNgvcXYaYIMGFkP1TJ0,fruits,70
91,Eggs Fresh Algharbia Size XL X12,بيض طازج,BOX,185,https://drive.google.com/uc?export=view&id=1rTRylFNtpZA2kLnXd2-iABd8UIYaaLbd,eggs,100
